,place_of_worship,resort,beach,park,movie_theater,museum,shopping_mall,zoo,restaurant,bar,burger-pizza,juice-bars,art_gallery,night_club,swimming-pools,gym,bakery,beauty-hair-spa,cafe,view-points,monument,gardens
Cluster1,1.190203,1.749976,1.733534,2.178773,4.0990858999999995,2.966198,4.2337831,3.9409358400000003,4.86072434,4.3838960600000005,1.943591,1.544167,1.647994,1.6503124,0.636661,0.443948,0.438643,0.554013,0.669651,1.219115,1.049927,1.160983
Cluster2,1.490232,2.701155,3.22911,3.911306,4.870715625000001,3.732099,3.416384,2.373319,2.61524,2.501058,1.992029,1.628052,1.295208,1.053411,0.72027,0.544652,0.617199,0.707652,0.776978,1.933087,1.702434,1.724873
Cluster3,3.1919454,2.641268,2.594759,2.529145,2.255005,1.928319,1.923727,1.5712,1.863589,1.734857,1.320433,1.663274,1.9547,1.546824,1.547119,1.583363,4.487309400000001,2.18645,4.072244400000001,4.5529876,3.829021,3.6023637999999996
Cluster4,1.030584,2.075322,2.083474,2.035137,2.109157,2.404035,3.751057,2.429579,3.448625,2.926534,2.889084,3.944863,4.98063,1.319239,1.098256,0.975632,1.056548,0.912838,0.760089,0.850532,0.829098,0.938012
