,churches,resorts,beaches,parks,theatres,museums,malls,zoo,restaurants,pubs-bars,burger-pizza,hotels-lodgings,juice-bars,art-galleries,dance-clubs,swimming-pools,gyms,bakeries,beauty-spas,cafes,view-points,monuments,gardens
0,1.105807504,1.408716814,1.787891963,1.823001311,1.877627785,1.943315858,3.207968545,2.076081258,2.910982962,2.84068152,3.63017038,4.073905636,4.664901704,4.003053735,1.494497354,1.331888587,1.15818314,1.222289855,1.157029221,0.978776596,1.117517606,1.012376761,1.107319079
1,1.522380429,2.640130506,3.217624729,3.947749458,4.362472885,3.701442516,3.378150759,2.384099783,2.606263557,2.537011931,1.982689805,2.02441974,1.59329718,1.272282609,1.107096045,0.871679687,0.749656203,0.777692308,0.815438365,0.849443458,2.107479132,1.815280837,1.780802639
2,2.231970534,2.700847145,2.596924494,2.491510129,2.204917127,1.954714549,1.99106814,1.576049724,1.943701657,1.717228361,1.346869245,1.443987109,1.698802947,2.16611418,1.565193727,1.590165746,1.651631336,2.282141527,2.225117151,1.890352505,3.016362799,2.543453039,2.459990792
3,1.188196439,2.220391823,1.967495741,2.202737081,2.422651902,3.037876207,4.22467916,3.502362294,4.494190801,3.826757524,1.957410562,1.808421352,2.046757524,2.433026689,0.992476905,0.699419036,0.673820648,0.725773525,0.830029433,0.815835526,1.111743064,1.020558859,1.123117716
