,place_of_worship,resort,beach,park,movie_theater,museum,shopping_mall,zoo,restaurant,bar,burger-pizza,juice-bars,art_gallery,night_club,swimming-pools,gym,bakery,beauty-hair-spa,cafe,view-points,monument,gardens
cluster0,1.1902030869212021,1.7499756295694555,1.7335337124289196,2.178773354995938,2.411226645004062,2.966198212835094,3.994134849715679,3.7178635255889523,4.585588952071487,4.1357514216084486,1.9435905767668566,1.5441673436230707,1.6479935012185218,0.9707717303005686,0.6366612510154346,0.4439480097481722,0.4386433793663688,0.554012997562957,0.6696506904955322,1.2191145410235582,1.0499268887083673,1.160982940698619
cluster1,1.4902320561252025,2.7011548839719373,3.2291095520777113,3.911305990286023,4.329525094441446,3.7320992984349703,3.4163842417701025,2.3733189422558016,2.6152401511063146,2.501057744198597,1.992029141932002,1.628051807879115,1.2952077711818673,1.0534106853750675,0.7202698327037236,0.5446519158121964,0.6171991365353481,0.707652455477604,0.7769778737182946,1.9330868861305992,1.7024338909875876,1.7248731786292497
cluster2,2.2799606686332354,2.641268436578171,2.5947590953785644,2.529144542772862,2.255004916420846,1.9283185840707964,1.923726647000983,1.5711996066863325,1.8635889872173057,1.734857423795477,1.320432645034415,1.6632743362831859,1.9547000983284168,1.5468239921337266,1.5471189773844642,1.5833628318584072,2.1368141592920353,2.186450344149459,1.939164208456244,3.252133726647001,2.735014749262537,2.5731170108161256
cluster3,1.0305838876570586,2.0753215077605325,2.0834737620103474,2.0351367331855137,2.109157427937916,2.4040354767184033,3.751056910569106,2.429578713968958,3.448625277161862,2.926533628972653,2.8890835181079084,3.944863266814486,4.150524759793052,1.3192387287509237,1.0982557280118257,0.9756319290465632,1.056548410938655,0.9128381374722838,0.7600886917960089,0.8505321507760532,0.8290983000739098,0.938011825572801
