,churches,resorts,beaches,parks,theatres,museums,malls,zoo,restaurants,pubs-bars,burger-pizza,juice-bars,art-galleries,dance-clubs,swimming-pools,gyms,bakeries,beauty-spas,cafes,view-points,monuments,gardens
cluster0,1.1902030869212032,1.7499756295694586,1.7335337124289212,2.1787733549959367,2.411226645004055,2.9661982128350917,3.9941348497156626,3.717863525588948,4.585588952071493,4.1357514216084486,1.9435905767668586,1.544167343623068,1.6479935012185116,0.9707717303005596,0.6366612510154329,0.443948009748171,0.4386433793663673,0.5540129975629556,0.6696506904955309,1.2191145410235573,1.0499268887083657,1.1609829406986212
cluster1,1.4902320561252054,2.7011548839719364,3.229109552077718,3.9113059902860274,4.329525094441452,3.7320992984349637,3.4163842417700847,2.3733189422558083,2.6152401511063297,2.5010577441986115,1.9920291419319973,1.6280518078791173,1.2952077711818566,1.0534106853750584,0.7202698327037192,0.5446519158121945,0.6171991365353459,0.7076524554775997,0.7769778737182927,1.9330868861305972,1.7024338909875887,1.7248731786292502
cluster2,2.279960668633234,2.6412684365781716,2.5947590953785613,2.5291445427728565,2.255004916420845,1.9283185840707866,1.9237266470009762,1.5711996066863256,1.8635889872173013,1.7348574237954717,1.3204326450344082,1.66327433628318,1.9547000983284049,1.5468239921337243,1.5471189773844654,1.5833628318584076,2.136814159292041,2.1864503441494603,1.939164208456246,3.252133726646999,2.7350147492625374,2.573117010816127
cluster3,1.0305838876570586,2.0753215077605343,2.0834737620103554,2.03513673318552,2.109157427937916,2.4040354767184033,3.7510569105691025,2.429578713968956,3.4486252771618595,2.92653362897266,2.889083518107906,3.9448632668144827,4.1505247597930515,1.3192387287509224,1.0982557280118255,0.9756319290465614,1.0565484109386536,0.9128381374722845,0.7600886917960072,0.8505321507760517,0.8290983000739092,0.9380118255728014
